part_number,name_he,name_en,description,manufacturer,category,barcode,price,cost,currency,vat_included,stock_qty,min_stock,location,weight_kg,dimensions,warranty_months,side,part_type,image_url,notes,is_active,cross_refs,fitments
OC 1673,מסנן שמן IONIQ היברידי,Oil Filter,,MAHLE,מסננים,,,,ILS,1,,,,,,,,oil_filter,,"מקור: AUTODOC, דף Hyundai Ioniq AE 1.6 GDI Hybrid (G4LE). לאימות מול הספק לפני מכירה.",1,OEM:26300-35505:Hyundai; OEM:26300-35504:Hyundai,יונדאי:IONIQ HYBRID:2016:2022:1.6 GDI
F 026 407 124,מסנן שמן IONIQ היברידי,Oil Filter,,BOSCH,מסננים,,,,ILS,1,,,,,,,,oil_filter,,"מקור: AUTODOC, דף Hyundai Ioniq AE 1.6 GDI Hybrid (G4LE). לאימות מול הספק לפני מכירה.",1,OEM:26300-35505:Hyundai; OEM:26300-35504:Hyundai,יונדאי:IONIQ HYBRID:2016:2022:1.6 GDI
F 026 400 670,מסנן אוויר IONIQ היברידי,Air Filter,,BOSCH,מסננים,,,,ILS,1,,,,,,,,air_filter,,מקור: AUTODOC - הדף מציין במפורש for OE number 28113 G2700.,1,OEM:28113-G2700:Hyundai; OEM:28113-G2100:Hyundai,יונדאי:IONIQ HYBRID:2016:2022:1.6 GDI
LX 5824,מסנן אוויר IONIQ היברידי,Air Filter,,MAHLE,מסננים,,,,ILS,1,,,,,,,,air_filter,,"מקור: AUTODOC, דף Hyundai Ioniq AE 1.6 GDI Hybrid.",1,OEM:28113-G2700:Hyundai; OEM:28113-G2100:Hyundai,יונדאי:IONIQ HYBRID:2016:2022:1.6 GDI
E2016L,מסנן אוויר IONIQ היברידי,Air Filter,,HENGST FILTER,מסננים,,,,ILS,1,,,,,,,,air_filter,,"מקור: AUTODOC, דף Hyundai Ioniq AE 1.6 GDI Hybrid.",1,OEM:28113-G2700:Hyundai,יונדאי:IONIQ HYBRID:2016:2022:1.6 GDI
LA 1526,מסנן מזגן IONIQ היברידי,Cabin Filter,,MAHLE,מסננים,,,,ILS,1,,,,,,,,cabin_filter,,"מקור: AUTODOC, דף Hyundai Ioniq AE. 195x240x28 להגה שמאלי. גרסת פחם פעיל: LAK 1526.",1,OEM:97133-G2000:Hyundai; OEM:97133-F2200:Hyundai,יונדאי:IONIQ HYBRID:2016:2022:1.6 GDI
LAK 1526,מסנן מזגן פחם פעיל IONIQ היברידי,Cabin Filter Carbon,,MAHLE,מסננים,,,,ILS,1,,,,,,,,cabin_filter,,"מקור: AUTODOC, דף Hyundai Ioniq AE. גרסת פחם פעיל של LA 1526.",1,OEM:97133-G2000:Hyundai; OEM:97133-F2200:Hyundai,יונדאי:IONIQ HYBRID:2016:2022:1.6 GDI
1 987 435 159,מסנן מזגן IONIQ היברידי,Cabin Filter,,BOSCH,מסננים,,,,ILS,1,,,,,,,,cabin_filter,,"מקור: AUTODOC, דף Hyundai Ioniq AE (M 5159).",1,OEM:97133-G2000:Hyundai,יונדאי:IONIQ HYBRID:2016:2022:1.6 GDI
58101-G2A00,רפידות בלם קדמיות IONIQ היברידי,Front Brake Pads,,HYUNDAI,בלמים,,,,ILS,1,,,,,,,front,brake_pads_front,,"מק""ט מקורי בלבד - טרם נמצא חלופי מאומת. מקור: hyundaipartsdeal.com.",1,OEM:58101-G2A00:Hyundai,יונדאי:IONIQ HYBRID:2016:2022:1.6 GDI
W 712/95,מסנן שמן איביזה / ארונה / קודיאק,Oil Filter,,MANN-FILTER,מסננים,,,,ILS,1,,,,,,,,oil_filter,,מקור: טבלת הצלבה של קבוצת VW למנועי 1.0/1.4/1.5 TSI. לאימות מול הספק.,1,OEM:04E115561H:VW; OEM:04E115561AC:VW; OEM:04E115561T:VW,סיאט:IBIZA:2017:2026:1.0 TSI; סיאט:ARONA:2017:2026:1.0 TSI; סקודה:KODIAQ:2016:2026:1.5 TSI
OC 977/1,מסנן שמן איביזה / ארונה / קודיאק,Oil Filter,,MAHLE,מסננים,,,,ILS,1,,,,,,,,oil_filter,,"מקור: AUTODOC, דף Seat Ibiza KJ1 1.0 TSI.",1,OEM:04E115561H:VW; OEM:04E115561AC:VW,סיאט:IBIZA:2017:2026:1.0 TSI; סיאט:ARONA:2017:2026:1.0 TSI; סקודה:KODIAQ:2016:2026:1.5 TSI
108330,מסנן שמן איביזה / ארונה / קודיאק,Oil Filter,,FEBI BILSTEIN,מסננים,,,,ILS,1,,,,,,,,oil_filter,,"מקור: AUTODOC - הדף מציין במפורש for OE number 04E 115 561 H, מנועים CHZJ/DKRF/DKJA.",1,OEM:04E115561H:VW,סיאט:IBIZA:2017:2026:1.0 TSI; סיאט:ARONA:2017:2026:1.0 TSI; סקודה:KODIAQ:2016:2026:1.5 TSI
LS969,מסנן שמן איביזה / ארונה / קודיאק,Oil Filter,,PURFLUX,מסננים,,,,ILS,1,,,,,,,,oil_filter,,"מקור: AUTODOC, דף Seat Ibiza KJ1 1.0 TSI.",1,OEM:04E115561H:VW; OEM:030115561AN:VW,סיאט:IBIZA:2017:2026:1.0 TSI; סיאט:ARONA:2017:2026:1.0 TSI
F 026 407 143,מסנן שמן איביזה / ארונה / קודיאק,Oil Filter,,BOSCH,מסננים,,,,ILS,1,,,,,,,,oil_filter,,מקור: טבלת הצלבה של קבוצת VW למנועי 1.0/1.4/1.5 TSI.,1,OEM:04E115561H:VW,סיאט:IBIZA:2017:2026:1.0 TSI; סיאט:ARONA:2017:2026:1.0 TSI; סקודה:KODIAQ:2016:2026:1.5 TSI
103799,מסנן אוויר איביזה / ארונה,Air Filter,,FEBI BILSTEIN,מסננים,,,,ILS,1,,,,,,,,air_filter,,"מקור: AUTODOC - הדף מציין במפורש for OE number 04C 129 620 A, מנועי 1.0 TSI תלת-בוכנתיים.",1,OEM:04C129620A:VW,סיאט:IBIZA:2017:2026:1.0 TSI; סיאט:ARONA:2017:2026:1.0 TSI
C 22 035,מסנן אוויר איביזה 1.5 TSI,Air Filter,,MANN-FILTER,מסננים,,,,ILS,1,,,,,,,,air_filter,,"מקור: AUTODOC, דף Seat Ibiza KJ1. אורך 270 מ""מ - לאמת מול נפח המנוע לפני מכירה.",1,OEM:5Q0129620E:VW; OEM:5Q0129620G:VW,סיאט:IBIZA:2017:2026:1.5 TSI
FP 26 021,מסנן מזגן איביזה / ארונה,Cabin Filter,,MANN-FILTER,מסננים,,,,ILS,1,,,,,,,,cabin_filter,,"מקור: AUTODOC + partsale.lv, דף Seat Ibiza V (KJ1).",1,OEM:2Q0819669:VW; OEM:6R0819653:VW,סיאט:IBIZA:2017:2026:1.0 TSI; סיאט:ARONA:2017:2026:1.0 TSI
K 1388A,מסנן מזגן איביזה / ארונה,Cabin Filter,,FILTRON,מסננים,,,,ILS,1,,,,,,,,cabin_filter,,"מקור: AUTODOC, דף Seat Ibiza KJ1 1.0 TSI.",1,OEM:2Q0819669:VW; OEM:6R0819653:VW,סיאט:IBIZA:2017:2026:1.0 TSI; סיאט:ARONA:2017:2026:1.0 TSI
1 987 435 596,מסנן מזגן פחם פעיל איביזה / ארונה,Cabin Filter Carbon,,BOSCH,מסננים,,,,ILS,1,,,,,,,,cabin_filter,,"מקור: AUTODOC, דף Seat Ibiza KJ1. גרסה בסיסית: 1 987 435 135.",1,OEM:2Q0819669:VW; OEM:6R0819653:VW,סיאט:IBIZA:2017:2026:1.0 TSI; סיאט:ARONA:2017:2026:1.0 TSI
OC 534,מסנן שמן SX4 קרוסאובר / ויטרה,Oil Filter,,MAHLE,מסננים,,,,ILS,1,,,,,,,,oil_filter,,"מקור: AUTODOC, דף Suzuki SX4 S-Cross 1.6 M16A. המק""ט המקורי אומת בנפרד מול ספקי סוזוקי.",1,OEM:16510-61A31:Suzuki; OEM:16510-61A30:Suzuki,סוזוקי:SX4 CROSSOVER:2013:2017:1.6 M16A; סוזוקי:VITARA:2015:2026:1.6 M16A
0 986 452 044,מסנן שמן SX4 קרוסאובר / ויטרה,Oil Filter,,BOSCH,מסננים,,,,ILS,1,,,,,,,,oil_filter,,"מקור: AUTODOC, דף Suzuki SX4 S-Cross 1.6 M16A.",1,OEM:16510-61A31:Suzuki; OEM:16510-61A30:Suzuki,סוזוקי:SX4 CROSSOVER:2013:2017:1.6 M16A; סוזוקי:VITARA:2015:2026:1.6 M16A
C 28 200,מסנן אוויר SX4 קרוסאובר / ויטרה,Air Filter,,MANN-FILTER,מסננים,,,,ILS,1,,,,,,,,air_filter,,"מקור: AUTODOC, דף Suzuki SX4 S-Cross 1.6 M16A. 282x169x28 מ""מ.",1,OEM:13780-61M00:Suzuki,סוזוקי:SX4 CROSSOVER:2013:2017:1.6 M16A; סוזוקי:VITARA:2015:2026:1.6 M16A
585020,מסנן אוויר SX4 קרוסאובר / ויטרה,Air Filter,,VALEO,מסננים,,,,ILS,1,,,,,,,,air_filter,,"מקור: AUTODOC, דף Suzuki SX4 S-Cross 1.6 M16A.",1,OEM:13780-61M00:Suzuki,סוזוקי:SX4 CROSSOVER:2013:2017:1.6 M16A; סוזוקי:VITARA:2015:2026:1.6 M16A
F 026 400 473,מסנן אוויר SX4 קרוסאובר / ויטרה,Air Filter,,BOSCH,מסננים,,,,ILS,1,,,,,,,,air_filter,,"מקור: AUTODOC, דף Suzuki SX4 S-Cross 1.6 M16A (S 0073).",1,OEM:13780-61M00:Suzuki,סוזוקי:SX4 CROSSOVER:2013:2017:1.6 M16A; סוזוקי:VITARA:2015:2026:1.6 M16A
1 987 435 071,מסנן מזגן SX4 קרוסאובר / ויטרה,Cabin Filter,,BOSCH,מסננים,,,,ILS,1,,,,,,,,cabin_filter,,"מקור: AUTODOC, דף Suzuki SX4 S-Cross (M 5071). 213x191x30 מ""מ.",1,OEM:95860-61M00:Suzuki,סוזוקי:SX4 CROSSOVER:2013:2017:1.6 M16A; סוזוקי:VITARA:2015:2026:1.6 M16A
424I0468,מסנן מזגן פחם פעיל SX4 קרוסאובר / ויטרה,Cabin Filter Carbon,,RIDEX,מסננים,,,,ILS,1,,,,,,,,cabin_filter,,"מקור: AUTODOC, דף Suzuki SX4 S-Cross.",1,OEM:95860-61M00:Suzuki,סוזוקי:SX4 CROSSOVER:2013:2017:1.6 M16A; סוזוקי:VITARA:2015:2026:1.6 M16A
FO-W02S,מסנן שמן ספארק,Oil Filter,דור M300,JAPANPARTS,מסננים,,,,ILS,1,,,,,,,,oil_filter,,"מקור: AUTODOC, דף Chevrolet Spark (M300) 1.2 82 hp B12D1. לאימות מול הספק לפני מכירה.",1,OEM:96985730:Chevrolet,שברולט:SPARK:2010:2016:1.2 B12D1
10-W0-W02,מסנן שמן ספארק,Oil Filter,דור M300,ASHIKA,מסננים,,,,ILS,1,,,,,,,,oil_filter,,"מקור: AUTODOC, דף Chevrolet Spark (M300) 1.2 82 hp B12D1. לאימות מול הספק לפני מכירה.",1,OEM:96985730:Chevrolet,שברולט:SPARK:2010:2016:1.2 B12D1
C 36 013,מסנן אוויר ספארק,Air Filter,דור M300,MANN-FILTER,מסננים,,,,ILS,1,,,,,,,,air_filter,,"מקור: AUTODOC, דף Chevrolet Spark (M300) 1.2 82 hp B12D1. לאימות מול הספק לפני מכירה.",1,OEM:96827723:Chevrolet,שברולט:SPARK:2010:2016:1.2 B12D1
F 026 400 349,מסנן אוויר ספארק,Air Filter,דור M300,BOSCH,מסננים,,,,ILS,1,,,,,,,,air_filter,,"מקור: AUTODOC, דף Chevrolet Spark (M300) 1.2 82 hp B12D1. לאימות מול הספק לפני מכירה.",1,OEM:96827723:Chevrolet,שברולט:SPARK:2010:2016:1.2 B12D1
30743,מסנן מזגן ספארק,Cabin Filter,דור M300,FEBI BILSTEIN,מסננים,,,,ILS,1,,,,,,,,cabin_filter,,"מקור: AUTODOC, דף Chevrolet Spark (M300) 1.2 82 hp B12D1. לאימות מול הספק לפני מכירה.",1,OEM:18 08 524:Chevrolet,שברולט:SPARK:2010:2016:1.2 B12D1
CU 2442,מסנן מזגן ספארק,Cabin Filter,דור M300,MANN-FILTER,מסננים,,,,ILS,1,,,,,,,,cabin_filter,,"מקור: AUTODOC, דף Chevrolet Spark (M300) 1.2 82 hp B12D1. לאימות מול הספק לפני מכירה.",1,OEM:18 08 524:Chevrolet,שברולט:SPARK:2010:2016:1.2 B12D1
F 026 407 200,מסנן שמן סובארו XV,Oil Filter,מנועי FB16/FB20,BOSCH,מסננים,,,,ILS,1,,,,,,,,oil_filter,,מקור: קטלוגי חלופה ל-OE 15208AA160 (מנועי Subaru FB). לאימות מול הספק לפני מכירה.,1,OEM:15208AA160:Subaru; OEM:15208AA15A:Subaru,סובארו:XV:2012:2023:1.6 FB16; סובארו:XV:2012:2023:2.0 FB20
OC 1177,מסנן שמן סובארו XV,Oil Filter,מנועי FB16/FB20,MAHLE,מסננים,,,,ILS,1,,,,,,,,oil_filter,,מקור: קטלוגי חלופה ל-OE 15208AA160 (מנועי Subaru FB). לאימות מול הספק לפני מכירה.,1,OEM:15208AA160:Subaru; OEM:15208AA15A:Subaru,סובארו:XV:2012:2023:1.6 FB16; סובארו:XV:2012:2023:2.0 FB20
FA-714S,מסנן אוויר סובארו XV,Air Filter,,JAPANPARTS,מסננים,,,,ILS,1,,,,,,,,air_filter,,"מקור: AUTODOC, דף Subaru XV. שדה ""for OE number"" של המוצר. לאימות מול הספק לפני מכירה.",1,OEM:16546AA090:Subaru,סובארו:XV:2012:2023:1.6 FB16; סובארו:XV:2012:2023:2.0 FB20
21-SB-SB3,מסנן מזגן סובארו XV,Cabin Filter,,ASHIKA,מסננים,,,,ILS,1,,,,,,,,cabin_filter,,"מקור: AUTODOC, דף Subaru XV. שדה ""for OE number"" של המוצר. לאימות מול הספק לפני מכירה.",1,OEM:72880FG000:Subaru,סובארו:XV:2012:2023:1.6 FB16; סובארו:XV:2012:2023:2.0 FB20
FAA-SB3,מסנן מזגן סובארו XV,Cabin Filter,,JAPANPARTS,מסננים,,,,ILS,1,,,,,,,,cabin_filter,,"מקור: AUTODOC, דף Subaru XV. שדה ""for OE number"" של המוצר. לאימות מול הספק לפני מכירה.",1,OEM:72880FG000:Subaru,סובארו:XV:2012:2023:1.6 FB16; סובארו:XV:2012:2023:2.0 FB20
HU 7033 z,מסנן שמן ברלינגו,Oil Filter,מחסנית DV6FD,MANN-FILTER,מסננים,,,,ILS,1,,,,,,,,oil_filter,,"מקור: קטלוג MANN-FILTER + AUTODOC, רשימת OE של HU 7033 z. לאימות מול הספק לפני מכירה.",1,OEM:1610693780:Citroen; OEM:1680233580:Citroen,סיטרואן:BERLINGO:2014:2021:1.6 BlueHDi
OE 667/4,מסנן שמן ברלינגו,Oil Filter,מחסנית DV6FD,FILTRON,מסננים,,,,ILS,1,,,,,,,,oil_filter,,"מקור: AUTODOC, דף Citroen Berlingo (B9) 1.6 BlueHDi 99 hp BHY (DV6FD). לאימות מול הספק לפני מכירה.",1,OEM:1610693780:Citroen; OEM:1680233580:Citroen,סיטרואן:BERLINGO:2014:2021:1.6 BlueHDi
101647,מסנן אוויר ברלינגו,Air Filter,,FEBI BILSTEIN,מסננים,,,,ILS,1,,,,,,,,air_filter,,"מקור: AUTODOC, דף Citroen Berlingo (B9) 1.6 BlueHDi 99 hp BHY (DV6FD). לאימות מול הספק לפני מכירה.",1,OEM:9802348680:Citroen,סיטרואן:BERLINGO:2014:2021:1.6 BlueHDi
8A0611,מסנן אוויר ברלינגו,Air Filter,,RIDEX,מסננים,,,,ILS,1,,,,,,,,air_filter,,"מקור: AUTODOC, דף Citroen Berlingo (B9) 1.6 BlueHDi 99 hp BHY (DV6FD). לאימות מול הספק לפני מכירה.",1,OEM:9802348680:Citroen,סיטרואן:BERLINGO:2014:2021:1.6 BlueHDi
AH261-2,מסנן מזגן ברלינגו,Cabin Filter,זוג מסננים,PURFLUX,מסננים,,,,ILS,1,,,,,,,,cabin_filter,,"מקור: AUTODOC, דף Citroen Berlingo (B9) 1.6 BlueHDi 99 hp BHY (DV6FD). לאימות מול הספק לפני מכירה.",1,OEM:6447XG:Citroen; OEM:6447XF:Citroen,סיטרואן:BERLINGO:2014:2021:1.6 BlueHDi
0 986 628 610,מסנן מזגן ברלינגו,Cabin Filter,זוג מסננים,BOSCH,מסננים,,,,ILS,1,,,,,,,,cabin_filter,,"מקור: AUTODOC, דף Citroen Berlingo (B9) 1.6 BlueHDi 99 hp BHY (DV6FD). לאימות מול הספק לפני מכירה. מופיע גם בדף Peugeot 3008 SUV 1.2 PureTech (07/2016-12/2024).",1,OEM:6447XG:Citroen; OEM:6447XF:Citroen,סיטרואן:BERLINGO:2014:2021:1.6 BlueHDi; פיג'ו:3008:2016:2026:1.2 PureTech
OC 1566,מסנן שמן מיקרה / אקסטרייל,Oil Filter,"מק""ט אחד לשני הדגמים",MAHLE,מסננים,,,,ILS,1,,,,,,,,oil_filter,,מקור: AUTODOC דף Micra K13 1.2 HR12DE + טבלת OE של Plenty.Parts ל-15208-65F0A (כוללת X-Trail T32 MR20DD/MR16DDT). לאימות מול הספק לפני מכירה.,1,OEM:15208-65F0C:Nissan; OEM:15208-65F0A:Nissan; OEM:15208-65F00:Nissan,ניסאן:MICRA:2010:2017:1.2 HR12DE; ניסאן:X-TRAIL:2014:2022:2.0 MR20DD; ניסאן:X-TRAIL:2014:2022:1.6 DIG-T
0 986 452 041,מסנן שמן מיקרה / אקסטרייל,Oil Filter,"מק""ט אחד לשני הדגמים",BOSCH,מסננים,,,,ILS,1,,,,,,,,oil_filter,,מקור: AUTODOC דף Micra K13 1.2 HR12DE + טבלת OE של Plenty.Parts ל-15208-65F0A (כוללת X-Trail T32 MR20DD/MR16DDT). לאימות מול הספק לפני מכירה.,1,OEM:15208-65F0C:Nissan; OEM:15208-65F0A:Nissan; OEM:15208-65F00:Nissan,ניסאן:MICRA:2010:2017:1.2 HR12DE; ניסאן:X-TRAIL:2014:2022:2.0 MR20DD; ניסאן:X-TRAIL:2014:2022:1.6 DIG-T
F 026 400 222,מסנן אוויר מיקרה,Air Filter,,BOSCH,מסננים,,,,ILS,1,,,,,,,,air_filter,,מקור: AUTODOC דף Micra K13 1.2 (TecDoc Engine Number: HR12DE) + רשימת OE של המוצר. לאימות מול הספק לפני מכירה.,1,OEM:16546-30P00:Nissan; OEM:16546-73C10:Nissan,ניסאן:MICRA:2010:2017:1.2 HR12DE
21-NS-NS15,מסנן מזגן מיקרה,Cabin Filter,,ASHIKA,מסננים,,,,ILS,1,,,,,,,,cabin_filter,,"מקור: AUTODOC, דף Nissan Micra k13 1.2 80 hp HR12DE. שדה ""for OE number"" של המוצר. לאימות מול הספק לפני מכירה.",1,OEM:272771HDKE:Nissan,ניסאן:MICRA:2010:2017:1.2 HR12DE
C 25 040,מסנן אוויר אקסטרייל,Air Filter,,MANN-FILTER,מסננים,,,,ILS,1,,,,,,,,air_filter,,"מקור: AUTODOC, דף Nissan X-Trail T32 2.0 MR20DD. שדה ""for OE number"" של המוצר. לאימות מול הספק לפני מכירה.",1,OEM:16546-4BA1A:Nissan,ניסאן:X-TRAIL:2014:2022:2.0 MR20DD; ניסאן:X-TRAIL:2014:2022:1.6 DIG-T
109122,מסנן אוויר אקסטרייל,Air Filter,,FEBI BILSTEIN,מסננים,,,,ILS,1,,,,,,,,air_filter,,"מקור: AUTODOC, דף Nissan X-Trail T32 2.0 MR20DD. שדה ""for OE number"" של המוצר. לאימות מול הספק לפני מכירה.",1,OEM:16546-4BA1A:Nissan,ניסאן:X-TRAIL:2014:2022:2.0 MR20DD; ניסאן:X-TRAIL:2014:2022:1.6 DIG-T
LA 891,מסנן מזגן אקסטרייל,Cabin Filter,,MAHLE,מסננים,,,,ILS,1,,,,,,,,cabin_filter,,"מקור: AUTODOC, דף Nissan X-Trail T32 2.0 MR20DD. שדה ""for OE number"" של המוצר. לאימות מול הספק לפני מכירה.",1,OEM:272772621R:Nissan,ניסאן:X-TRAIL:2014:2022:2.0 MR20DD; ניסאן:X-TRAIL:2014:2022:1.6 DIG-T
CU 25 012,מסנן מזגן אקסטרייל,Cabin Filter,,MANN-FILTER,מסננים,,,,ILS,1,,,,,,,,cabin_filter,,"מקור: AUTODOC דף X-Trail T32 2.0 MR20DD (250x181x35, מתחת לקונסולה) — אותן מידות כמו LA 891. לאימות מול הספק לפני מכירה.",1,OEM:272772621R:Nissan,ניסאן:X-TRAIL:2014:2022:2.0 MR20DD; ניסאן:X-TRAIL:2014:2022:1.6 DIG-T
W 811/80,מסנן שמן i25,Oil Filter,יונדאי אקסנט RB,MANN-FILTER,מסננים,,,,ILS,1,,,,,,,,oil_filter,,מקור: Plenty.Parts — OE 26300-35503 מתאים ל-HYUNDAI ACCENT I25 IV RB 1.4/1.6; רשימת חלופות לרכב מקטלוג TecDoc. לאימות מול הספק לפני מכירה.,1,OEM:26300-35503:Hyundai; OEM:26300-35505:Hyundai,יונדאי:I25:2011:2019:1.6 G4FC; יונדאי:I25:2011:2019:1.4 G4FA
OP 617,מסנן שמן i25,Oil Filter,יונדאי אקסנט RB,FILTRON,מסננים,,,,ILS,1,,,,,,,,oil_filter,,מקור: Plenty.Parts — OE 26300-35503 מתאים ל-HYUNDAI ACCENT I25 IV RB 1.4/1.6; רשימת חלופות לרכב מקטלוג TecDoc. לאימות מול הספק לפני מכירה.,1,OEM:26300-35503:Hyundai; OEM:26300-35505:Hyundai,יונדאי:I25:2011:2019:1.6 G4FC; יונדאי:I25:2011:2019:1.4 G4FA
C 25 016,מסנן אוויר i25,Air Filter,,MANN-FILTER,מסננים,,,,ILS,1,,,,,,,,air_filter,,"מקור: Plenty.Parts, טבלת חלופות ל-OE 28113-1R100 (ACCENT I25 IV RB). לאימות מול הספק לפני מכירה.",1,OEM:28113-1R100:Hyundai,יונדאי:I25:2011:2019:1.6 G4FC; יונדאי:I25:2011:2019:1.4 G4FA
F 026 400 350,מסנן אוויר i25,Air Filter,,BOSCH,מסננים,,,,ILS,1,,,,,,,,air_filter,,"מקור: Plenty.Parts, טבלת חלופות ל-OE 28113-1R100 (ACCENT I25 IV RB). לאימות מול הספק לפני מכירה.",1,OEM:28113-1R100:Hyundai,יונדאי:I25:2011:2019:1.6 G4FC; יונדאי:I25:2011:2019:1.4 G4FA
AP 122/8,מסנן אוויר i25,Air Filter,,FILTRON,מסננים,,,,ILS,1,,,,,,,,air_filter,,"מקור: Plenty.Parts, טבלת חלופות ל-OE 28113-1R100 (ACCENT I25 IV RB). לאימות מול הספק לפני מכירה.",1,OEM:28113-1R100:Hyundai,יונדאי:I25:2011:2019:1.6 G4FC; יונדאי:I25:2011:2019:1.4 G4FA
27423,מסנן מזגן i25,Cabin Filter,,FEBI BILSTEIN,מסננים,,,,ILS,1,,,,,,,,cabin_filter,,"מקור: AUTODOC, דף Hyundai Accent IV (RB). שדה ""for OE number"" של המוצר. לאימות מול הספק לפני מכירה.",1,OEM:97133-2E210:Hyundai,יונדאי:I25:2011:2019:1.6 G4FC; יונדאי:I25:2011:2019:1.4 G4FA
OP 575,מסנן שמן ספייס סטאר,Oil Filter,,FILTRON,מסננים,,,,ILS,1,,,,,,,,oil_filter,,מקור: רשימת OE של FILTRON OP 575 (MZ690115/MZ690116) + דף AUTODOC של Space Star 1.2 3A92. לאימות מול הספק לפני מכירה.,1,OEM:MZ690115:Mitsubishi; OEM:MZ690116:Mitsubishi,מיצובישי:SPACE STAR:2013:2026:1.2 3A92
20-05-514,מסנן אוויר ספייס סטאר,Air Filter,,ASHIKA,מסננים,,,,ILS,1,,,,,,,,air_filter,,"מקור: AUTODOC, דף Mitsubishi Space Star 1.2 80 hp 3A92 (Mirage A0_A). שדה ""for OE number"" של המוצר. לאימות מול הספק לפני מכירה.",1,OEM:1500A617:Mitsubishi,מיצובישי:SPACE STAR:2013:2026:1.2 3A92
C 26 027,מסנן אוויר ספייס סטאר,Air Filter,,MANN-FILTER,מסננים,,,,ILS,1,,,,,,,,air_filter,,"מקור: AUTODOC, דף Mitsubishi Space Star 1.2 80 hp 3A92 (Mirage A0_A). שדה ""for OE number"" של המוצר. לאימות מול הספק לפני מכירה.",1,OEM:1500A617:Mitsubishi,מיצובישי:SPACE STAR:2013:2026:1.2 3A92
FAA-MI9,מסנן מזגן ספייס סטאר,Cabin Filter,,JAPANPARTS,מסננים,,,,ILS,1,,,,,,,,cabin_filter,,"מקור: AUTODOC, דף Mitsubishi Space Star 1.2 80 hp 3A92 (Mirage A0_A). שדה ""for OE number"" של המוצר. לאימות מול הספק לפני מכירה.",1,OEM:97133C4100:Mitsubishi,מיצובישי:SPACE STAR:2013:2026:1.2 3A92
21-MI-MI9,מסנן מזגן ספייס סטאר,Cabin Filter,,ASHIKA,מסננים,,,,ILS,1,,,,,,,,cabin_filter,,"מקור: AUTODOC, דף Mitsubishi Space Star 1.2 80 hp 3A92 (Mirage A0_A). שדה ""for OE number"" של המוצר. לאימות מול הספק לפני מכירה.",1,OEM:97133C4100:Mitsubishi,מיצובישי:SPACE STAR:2013:2026:1.2 3A92
ADT32116,מסנן שמן 3008,Oil Filter,,BLUE PRINT,מסננים,,,,ILS,1,,,,,,,,oil_filter,,"מקור: AUTODOC, דף Peugeot 3008 SUV 1.2 PureTech 131 hp HNY (EB2DTS). שדה ""for OE number"" של המוצר. לאימות מול הספק לפני מכירה.",1,OEM:1109.AL:Peugeot,פיג'ו:3008:2016:2026:1.2 PureTech
32223,מסנן שמן 3008,Oil Filter,,FEBI BILSTEIN,מסננים,,,,ILS,1,,,,,,,,oil_filter,,"מקור: AUTODOC, דף Peugeot 3008 SUV 1.2 PureTech 131 hp HNY (EB2DTS). שדה ""for OE number"" של המוצר. לאימות מול הספק לפני מכירה.",1,OEM:1109.AL:Peugeot,פיג'ו:3008:2016:2026:1.2 PureTech
48518,מסנן אוויר 3008,Air Filter,,FEBI BILSTEIN,מסננים,,,,ILS,1,,,,,,,,air_filter,,"מקור: AUTODOC, דף Peugeot 3008 SUV 1.2 PureTech 131 hp HNY (EB2DTS). שדה ""for OE number"" של המוצר. לאימות מול הספק לפני מכירה.",1,OEM:9805552080:Peugeot,פיג'ו:3008:2016:2026:1.2 PureTech
8A0854P,מסנן אוויר 3008,Air Filter,,RIDEX PLUS,מסננים,,,,ILS,1,,,,,,,,air_filter,,"מקור: AUTODOC, דף Peugeot 3008 SUV 1.2 PureTech 131 hp HNY (EB2DTS). שדה ""for OE number"" של המוצר. לאימות מול הספק לפני מכירה.",1,OEM:9805552080:Peugeot,פיג'ו:3008:2016:2026:1.2 PureTech
424I0506,מסנן מזגן 3008,Cabin Filter,זוג מסננים,RIDEX,מסננים,,,,ILS,1,,,,,,,,cabin_filter,,"מקור: AUTODOC, דף Peugeot 3008 SUV (OE 6447XG למזגן). לאימות מול הספק לפני מכירה.",1,OEM:6447XG:Peugeot,פיג'ו:3008:2016:2026:1.2 PureTech
ADP152501,מסנן מזגן 3008,Cabin Filter,זוג מסננים,BLUE PRINT,מסננים,,,,ILS,1,,,,,,,,cabin_filter,,"מקור: AUTODOC, דף Peugeot 3008 SUV (OE 6447XG למזגן). לאימות מול הספק לפני מכירה.",1,OEM:6447XG:Peugeot,פיג'ו:3008:2016:2026:1.2 PureTech
10-ECO129,מסנן שמן מגאן,Oil Filter,מחסנית; מנוע H5H משותף רנו-דיימלר,ASHIKA,מסננים,,,,ILS,1,,,,,,,,oil_filter,,"מקור: AUTODOC, דף Renault Megane 4 1.3 TCe 140 hp H5H 490. שדה ""for OE number"" של המוצר. לאימות מול הספק לפני מכירה.",1,OEM:A2811800210:Mercedes-Benz,רנו:MEGANE:2018:2026:1.3 TCe
FO-ECO129,מסנן שמן מגאן,Oil Filter,מחסנית; מנוע H5H משותף רנו-דיימלר,JAPANPARTS,מסננים,,,,ILS,1,,,,,,,,oil_filter,,"מקור: AUTODOC, דף Renault Megane 4 1.3 TCe 140 hp H5H 490. שדה ""for OE number"" של המוצר. לאימות מול הספק לפני מכירה.",1,OEM:A2811800210:Mercedes-Benz,רנו:MEGANE:2018:2026:1.3 TCe
HU 10 002 z,מסנן שמן מגאן,Oil Filter,מחסנית,MANN-FILTER,מסננים,,,,ILS,1,,,,,,,,oil_filter,,"מקור: AUTODOC דף Megane 4 1.3 TCe H5H 490 (מחסנית 92x64, זהה במידות ל-10-ECO129). ההתאמה ל-OE טעונה אימות. לאימות מול הספק לפני מכירה.",1,OEM:A2811800210:Mercedes-Benz,רנו:MEGANE:2018:2026:1.3 TCe
103006,מסנן אוויר מגאן,Air Filter,,FEBI BILSTEIN,מסננים,,,,ILS,1,,,,,,,,air_filter,,"מקור: AUTODOC דף Megane 4 1.3 TCe (TecDoc Engine Number: H5H 470, H5H 450). לאימות מול הספק לפני מכירה.",1,OEM:165467860R:Renault,רנו:MEGANE:2018:2026:1.3 TCe
C 22 026,מסנן אוויר מגאן,Air Filter,,MANN-FILTER,מסננים,,,,ILS,1,,,,,,,,air_filter,,"מקור: AUTODOC, דף Renault Megane 4 1.3 TCe 140 hp H5H 490. שדה ""for OE number"" של המוצר. לאימות מול הספק לפני מכירה.",1,OEM:165467860R:Renault,רנו:MEGANE:2018:2026:1.3 TCe
